config,model_kind,n_seeds,seeds,unseeded_only,n_eval,prior_eval,encoder_family,encoder_init,encoder_target,embedding_native_dim,embedding_pca_dim,has_embedding,has_readout,readout_dim,has_descriptors,descriptor_sources,descriptor_pca_width,regressor,train_data,n_features,ffn_hidden_dim,freeze_epochs,gradient_clip_val,aux_use_observed_readout,aux_use_predicted_readout,encoder_finetune_target,aux_encoder_target,aux_readout_tasks,calibration,axes_source,mae_mean,mae_sd,rmse_mean,rmse_sd,rae_mean,rae_sd,r2_mean,r2_sd,kendall_tau_mean,kendall_tau_sd,spearman_rho_mean,spearman_rho_sd,config_fingerprint,spec_source
tabicl_chemeleon_readout_only,tabular,5,"0,1,2,3,4",False,513,phase1+phase2 pooled,chemeleon,chemeleon_pretrained,none,2048,256,True,True,2,False,,,tabicl,drc_plus_primary,258,,,,,,none,none,,none,recorded,0.43558347142300197,0.005740098130733137,0.6312879636019713,0.007774057896706542,0.572501898521111,0.0075444026073957764,0.5976336071046682,0.009919774108976922,0.6117973662967368,0.006977493683953258,0.8050196123041771,0.005717375847268916,55a155297e539ba0,launch_script
tabicl_chemeleon_readout_descriptors_pca64,tabular,5,"0,1,2,3,4",False,513,phase1+phase2 pooled,chemeleon,chemeleon_pretrained,none,2048,256,True,True,2,True,mordred,64,tabicl,drc_plus_primary,322,,,,,,none,none,,none,recorded,0.4360429086939571,0.007140380403614489,0.6270428015720639,0.012429724166575696,0.5731057522647204,0.009384840347310651,0.6029503017728021,0.0157544877424942,0.6188503902820391,0.00967541994641007,0.8127907889904481,0.009478134472385642,cac517bd4c167b9d,convention
tabicl_chemeleon_readout_descriptors,tabular,5,"0,1,2,3,4",False,513,phase1+phase2 pooled,chemeleon,chemeleon_pretrained,none,2048,256,True,True,2,True,mordred,128,tabicl,drc_plus_primary,386,,,,,,none,none,,none,recorded,0.43816144491228065,0.004287955833427491,0.6273125164859246,0.007821060845593652,0.5758902151441627,0.005635803506024099,0.6026841372502366,0.009879318363994603,0.6171215504967672,0.007357558246716537,0.8116447063939299,0.006774516037132652,84628d0e27a93368,convention
tabpfn-v3_chemeleon_readout_descriptors,tabular,5,"0,1,2,3,4",False,513,phase1+phase2 pooled,chemeleon,chemeleon_pretrained,none,2048,256,True,True,2,True,mordred,128,tabpfn-v3,drc_plus_primary,386,,,,,,none,none,,none,recorded,0.4436247207797271,0.004077673190669529,0.6319690439598447,0.007622542087388763,0.5830707810091614,0.005359422008324725,0.5967669226435943,0.009684840342266231,0.6113597644469598,0.007967715837088598,0.8056781214531294,0.008275891394464774,05820b65f540187b,launch_script
tabpfn_chemeleon_readout_descriptors,tabular,5,"0,1,2,3,4",False,513,phase1+phase2 pooled,chemeleon,chemeleon_pretrained,none,2048,256,True,True,2,True,mordred,128,tabpfn,drc_plus_primary,386,,,,,,none,none,,none,recorded,0.4436922690058479,0.0034705131849886313,0.6321304351612361,0.007060410551572412,0.5831595618978612,0.004561411342716109,0.5965676321798672,0.008983027499476406,0.6111748966139505,0.007316266023602964,0.8055589484225427,0.007531051753399417,67b6401ff82b7724,launch_script
tabicl_readout_mordred_pca128_no_embed,tabular,5,"0,1,2,3,4",False,513,phase1+phase2 pooled,chemprop,scratch,log2fc,256,,False,True,2,True,mordred,128,tabicl,drc_plus_primary,130,,,,,,log2fc,none,,none,recorded,0.4442627697855751,0.004610520614958438,0.625519732942382,0.008419908222026795,0.5839093901189243,0.006059761167271506,0.6049437171487131,0.010557447126970642,0.610263279387323,0.007987516159109469,0.805338683692522,0.007397717751314674,61284a5b33fecb1d,convention
tabpfn_chemeleon_readout_only,tabular,5,"0,1,2,3,4",False,513,phase1+phase2 pooled,chemeleon,chemeleon_pretrained,none,2048,256,True,True,2,False,,,tabpfn,drc_plus_primary,258,,,,,,none,none,,none,recorded,0.4444284631189084,0.006365578332461572,0.6385617302816098,0.011516327745730913,0.5841271663986249,0.008366492118292672,0.5882508028207086,0.014873424669936972,0.6001197896775199,0.00842370792766691,0.7956075292895531,0.00863503554344948,a50582ae4175f4f4,launch_script
tabpfn-v3_chemeleon_readout_only,tabular,5,"0,1,2,3,4",False,513,phase1+phase2 pooled,chemeleon,chemeleon_pretrained,none,2048,256,True,True,2,False,,,tabpfn-v3,drc_plus_primary,258,,,,,,none,none,,none,recorded,0.4453354842495127,0.0052155857547320885,0.6392760449580228,0.010361189123409954,0.5853192945516362,0.006855018480680781,0.587349746545668,0.013402694713852394,0.5991474767156447,0.00796963616307251,0.7947256734760119,0.008260647223646644,1a21643f5548d54d,launch_script
tabicl_embed_readout_mordred_pca128,tabular,5,"0,1,2,3,4",False,513,phase1+phase2 pooled,chemprop,scratch,log2fc,256,,True,True,2,True,mordred,128,tabicl,drc_plus_primary,386,,,,,,log2fc,none,,none,recorded,0.4501376031189084,0.003654299866522089,0.6349403207055868,0.007820960941558085,0.5916308797012556,0.004802968314005808,0.5929642811947433,0.010035449496212072,0.6005238037731513,0.004438782247781619,0.7951789990594385,0.004976817203845067,e3bc8faac54474c3,launch_script
tabicl_chemeleon_readout_only_calibrated,tabular,5,"0,1,2,3,4",False,513,phase1+phase2 pooled,chemeleon,chemeleon_pretrained,none,2048,256,True,True,2,False,,,tabicl,drc_plus_primary,258,,,,,,none,none,,isotonic_oof,recorded,0.45074246311361044,0.009200634117257748,0.6585252870880582,0.012614905581384598,0.5924258673856486,0.012092700585080149,0.5620884632474438,0.01695051374162818,0.6224474339748862,0.007662267938665854,0.8045702952672211,0.006268131082834597,55a155297e539ba0,convention
tabpfn_readout_mordred_pca128_no_embed,tabular,5,"0,1,2,3,4",False,513,phase1+phase2 pooled,chemprop,scratch,log2fc,256,,False,True,2,True,mordred,128,tabpfn,drc_plus_primary,130,,,,,,log2fc,none,,none,recorded,0.45307641610136457,0.003916398073377478,0.6326384007628351,0.007608638515517518,0.5954934597168797,0.005147452737470004,0.5959125634768079,0.009660721586243448,0.6070936205764869,0.0081750571774994,0.8024949945655241,0.008630154830036279,bb10efef1a5aa049,launch_script
tabpfn-v2.6_embed_readout_mordred_pca128,tabular,5,"0,1,2,3,4",False,513,phase1+phase2 pooled,chemprop,scratch,log2fc,256,,True,True,2,True,mordred,128,tabpfn-v2.6,drc_plus_primary,386,,,,,,log2fc,none,,none,recorded,0.4537132976218324,0.0075275778936570534,0.635479095339804,0.008933074037605218,0.5963305343616307,0.009893746935129028,0.5922582489900203,0.011561872577797325,0.608992526455008,0.006007269080523725,0.8059764726447082,0.004937236859770621,f69dec64f1f08f60,convention
tabpfn-v3_readout_mordred_pca128_no_embed,tabular,5,"0,1,2,3,4",False,513,phase1+phase2 pooled,chemprop,scratch,log2fc,256,,False,True,2,True,mordred,128,tabpfn-v3,drc_plus_primary,130,,,,,,log2fc,none,,none,recorded,0.45487953805068226,0.00271452305898819,0.6354208577574181,0.007089743104931894,0.5978633630924074,0.003567788281252006,0.592356820758943,0.009040871542867927,0.6056508549269858,0.006658609400603997,0.8012612781935659,0.007253036537948788,d1ef4dd832b81f32,launch_script
tabpfn-v2.6_chemeleon_readout_descriptors,tabular,5,"0,1,2,3,4",False,513,phase1+phase2 pooled,chemeleon,chemeleon_pretrained,none,2048,256,True,True,2,True,mordred,128,tabpfn-v2.6,drc_plus_primary,386,,,,,,none,none,,none,recorded,0.4570670499415205,0.0074563842463636985,0.6454115011804873,0.009228129693773618,0.6007384830010005,0.009800174747679122,0.5794105070825402,0.011960027867904455,0.6014334789771068,0.008621240294215465,0.7979458089290041,0.0083070186904278,b7dde4ccd09ae133,launch_script
tabpfn_embed_readout_mordred_pca128,tabular,5,"0,1,2,3,4",False,513,phase1+phase2 pooled,chemprop,scratch,log2fc,256,,True,True,2,True,mordred,128,tabpfn,drc_plus_primary,386,,,,,,log2fc,none,,none,recorded,0.45737506152046786,0.009488615999178595,0.6410175826958716,0.010047812443509274,0.6011433129022312,0.01247120478681383,0.585104010413882,0.013095683467717181,0.605693524195698,0.007836565181137541,0.8029517744090973,0.00632621096299537,8fa7abaf5b2eb8dd,launch_script
tabpfn-v3_embed_readout_mordred_pca128,tabular,5,"0,1,2,3,4",False,513,phase1+phase2 pooled,chemprop,scratch,log2fc,256,,True,True,2,True,mordred,128,tabpfn-v3,drc_plus_primary,386,,,,,,log2fc,none,,none,recorded,0.4573840190643275,0.004773748332648822,0.6365198456931382,0.00854587762800592,0.6011550861011752,0.006274296806017664,0.5909272813750155,0.011047848228275854,0.6062452153989198,0.004585808418705883,0.8023890149224183,0.004939937640372752,d13f5a26e303bb6e,convention
tabpfn_concat_small_embed,tabular,5,"0,1,2,3,4",False,513,phase1+phase2 pooled,chemprop,scratch,log2fc,256,,True,True,2,True,all,128,tabpfn,drc_plus_primary,386,,,,,,log2fc,none,,none,recorded,0.4581211423781677,0.0032946542354080153,0.6357721933247739,0.007482928756070368,0.602123911881545,0.004330274054200748,0.5919013271750769,0.009651051971813611,0.6064139159040789,0.0049270593986152,0.802201350765821,0.0053308112945678375,60b06b1cadd56432,launch_script
cpu_oom_repro_tabfm_full_rows,tabular,1,-1,True,513,phase1+phase2 pooled,chemeleon,chemeleon_pretrained,none,2048,256,True,True,2,True,mordred,128,tabfm,drc_plus_primary,386,,,,,,none,none,,none,recorded,0.458548799220273,,0.6481873097922999,,0.602685995546522,,0.5758543230010444,,0.5956627121278634,,0.7913308623677431,,c91c7de9b6d8599a,launch_script
tabpfn-v2.6_chemeleon_readout_only,tabular,5,"0,1,2,3,4",False,513,phase1+phase2 pooled,chemeleon,chemeleon_pretrained,none,2048,256,True,True,2,False,,,tabpfn-v2.6,drc_plus_primary,258,,,,,,none,none,,none,recorded,0.4592864787134503,0.004948755041248218,0.6514491781543463,0.009884964263748844,0.603655552331963,0.006504313965759276,0.571495817411692,0.012977939056439899,0.5843555180824773,0.007902950772784842,0.7800168176899376,0.008137640031922262,675b8bcdd179e399,launch_script
tabpfn_embed_readout_mordred_pca256,tabular,5,"0,1,2,3,4",False,513,phase1+phase2 pooled,chemprop,scratch,log2fc,256,,True,True,2,True,mordred,256,tabpfn,drc_plus_primary,514,,,,,,log2fc,none,,none,recorded,0.4596294999220273,0.009494603628558551,0.6445224589831462,0.010135514202729923,0.6041063965582184,0.012479074528005955,0.5805540379130509,0.013300221294393877,0.6034562869188633,0.006539224414206713,0.8010715110074809,0.0048560012837459456,ad59aaf88a08168a,launch_script
tabpfn_concat_pca256,tabular,5,"0,1,2,3,4",False,513,phase1+phase2 pooled,chemprop,scratch,log2fc,256,,True,True,2,True,all,256,tabpfn,drc_plus_primary,514,,,,,,log2fc,none,,none,recorded,0.4598755660038987,0.00511010756860089,0.637927928546971,0.010299593789860319,0.604429809424581,0.006716384979241019,0.5890889819565602,0.013337933157654506,0.6053440668457146,0.0046145220485278434,0.8015450254078391,0.005863858528267535,a81a6eb4b338c0c5,launch_script
tabpfn_concat_pca64,tabular,5,"0,1,2,3,4",False,513,phase1+phase2 pooled,chemprop,scratch,log2fc,256,,True,True,2,True,all,64,tabpfn,drc_plus_primary,322,,,,,,log2fc,none,,none,recorded,0.46036687602339177,0.0022568984058509356,0.6389273179682489,0.006655647044667461,0.6050755545856711,0.0029663169217552386,0.5878506584872593,0.008634314549580253,0.6038098599801078,0.0040469508206130165,0.8005094537030804,0.004657817833412468,fcf85c6ba42b8830,launch_script
tabpfn_embed_mordred_pca128_no_readout,tabular,5,"0,1,2,3,4",False,513,phase1+phase2 pooled,chemprop,scratch,log2fc,256,,True,False,0,True,mordred,128,tabpfn,drc_plus_primary,384,,,,,,log2fc,none,,none,recorded,0.46098825653021436,0.0041650453207334095,0.6487337319107608,0.008837558702985224,0.6058922557306842,0.005474258115801455,0.5750758350395088,0.011570530020883665,0.6028812804093662,0.006658950150921563,0.7990885007185199,0.007483019488315023,82ad7fed377a567f,launch_script
tabpfn_embed_readout_mordred_pca64,tabular,5,"0,1,2,3,4",False,513,phase1+phase2 pooled,chemprop,scratch,log2fc,256,,True,True,2,True,mordred,64,tabpfn,drc_plus_primary,322,,,,,,log2fc,none,,none,recorded,0.46509760623781676,0.005874383918198114,0.6482380386891328,0.007309634143461037,0.6112933112427398,0.00772089890101534,0.5757447793839179,0.009629439550424588,0.6004215419760329,0.004886741192990311,0.7976943770921535,0.004010244066085183,be0f59dca9246d25,launch_script
tabpfn-v2.6_readout_mordred_pca128_no_embed,tabular,5,"0,1,2,3,4",False,513,phase1+phase2 pooled,chemprop,scratch,log2fc,256,,False,True,2,True,mordred,128,tabpfn-v2.6,drc_plus_primary,130,,,,,,log2fc,none,,none,recorded,0.46562625403508784,0.00527911296036717,0.6454545147649612,0.009181138178037566,0.6119881306916917,0.006938514407913765,0.5793551524828647,0.011921193493141741,0.5981416357206013,0.008872886768124207,0.7949459241029899,0.008871701526239069,6a0f6ad7cd76208a,launch_script
tabpfn_embed_readout_rdkit_pca128,tabular,1,-1,True,513,phase1+phase2 pooled,chemprop,scratch,log2fc,256,,True,True,2,True,rdkit,128,tabpfn,drc_plus_primary,386,,,,,,log2fc,none,,none,recorded,0.466327495711501,,0.6560560597791704,,0.6129097960380767,,0.5654938786849746,,0.5881960018817336,,0.7868316097698079,,7ebfcd3bb3d5f82e,convention
tabpfn_chemeleon_log2fc_mordred_pca128,tabular,5,"0,1,2,3,4",False,513,phase1+phase2 pooled,chemprop,chemeleon_pretrained,log2fc,2048,128,True,True,2,True,mordred,128,tabpfn,drc_plus_primary,258,,,,,,log2fc,none,,none,recorded,0.467993639454191,0.006927092587951269,0.6631534850646841,0.004873297756841646,0.6150996643835924,0.009104509050533723,0.5560225920293335,0.006503496561648923,0.5943285839484826,0.006726111204244786,0.7899597037666335,0.00891233345818977,146b074a84660a75,launch_script
tabpfn_pec50_scratch_mordred_pca128,tabular,1,-1,True,513,phase1+phase2 pooled,chemprop,scratch,pec50,2048,128,True,False,,True,mordred,128,tabpfn,drc_plus_primary,256,,,,,,pec50,none,,none,recorded,0.4745060200779727,,0.6914987778392477,,0.6236591036543871,,0.5172782910587472,,0.5780309118257655,,0.7739220289006397,,d2cf36dcabe10e3d,convention
tabpfn_embed_only_no_readout,tabular,5,"0,1,2,3,4",False,513,phase1+phase2 pooled,chemprop,scratch,log2fc,256,,True,False,0,False,,,tabpfn,drc_plus_primary,256,,,,,,log2fc,none,,none,recorded,0.47798951914230015,0.009520354200756035,0.6644412484082789,0.014462456525817246,0.6282375827718542,0.012512919364732436,0.5541469495549144,0.01965270391642399,0.5535097275678156,0.006851323321096694,0.7481688027993716,0.005349300933818522,bff5f8387ec0098d,launch_script
tabpfn_small_embed,tabular,5,"0,1,2,3,4",False,513,phase1+phase2 pooled,chemprop,scratch,log2fc,256,,True,True,2,False,,,tabpfn,drc_plus_primary,258,,,,,,log2fc,none,,none,recorded,0.4787040229239766,0.008714979957300903,0.6617154166469092,0.012333766381321871,0.6291766789459443,0.011454389109000374,0.5578423023582588,0.016628105239064047,0.5518139316093492,0.004721851602695671,0.746165662246794,0.003540799868856482,d48fc6b90c079cf8,launch_script
tabfm_n32_chemeleon_readout_descriptors,tabular,5,"0,1,2,3,4",False,513,phase1+phase2 pooled,chemeleon,chemeleon_pretrained,none,2048,256,True,True,2,True,mordred,128,tabfm,drc_plus_primary,386,,,,,,none,none,,none,recorded,0.47950145886939566,0.006263632804524181,0.6515110486315985,0.010346170447461911,0.6302247756315462,0.008232501707455389,0.5714068997362196,0.013553600789600289,0.590968286444152,0.010678946920132692,0.787921636172187,0.010576949205315602,c91c7de9b6d8599a,launch_script
tabfm_n16_embed_readout_mordred_pca128,tabular,5,"0,1,2,3,4",False,513,phase1+phase2 pooled,chemprop,scratch,log2fc,256,,True,True,2,True,mordred,128,tabfm,drc_plus_primary,386,,,,,,log2fc,none,,none,recorded,0.48018291040935673,0.003617427224364645,0.651996768923172,0.006387358103722212,0.6311204301408949,0.004754505369418726,0.5708212337401555,0.00845321221567082,0.5825385975261156,0.00514750528742986,0.7804488023548309,0.004926546426026561,1911bbe88da77c90,launch_script
tabfm_n64_embed_readout_mordred_pca128,tabular,5,"0,1,2,3,4",False,513,phase1+phase2 pooled,chemprop,scratch,log2fc,256,,True,True,2,True,mordred,128,tabfm,drc_plus_primary,386,,,,,,log2fc,none,,none,recorded,0.4801905488888889,0.003697840281311128,0.6510698745756164,0.006272354347716163,0.6311304696495561,0.004860194934767333,0.5720417103552918,0.00828680083539366,0.5816200013630132,0.005665973799586837,0.7787776288911039,0.005301759207737725,1911bbe88da77c90,launch_script
tabfm_n32_chemeleon_readout_only,tabular,5,"0,1,2,3,4",False,513,phase1+phase2 pooled,chemeleon,chemeleon_pretrained,none,2048,256,True,True,2,False,,,tabfm,drc_plus_primary,258,,,,,,none,none,,none,recorded,0.48040381918128655,0.0035424230744561984,0.6567274261391761,0.009340993118780566,0.6314107779149201,0.004655924911167454,0.5645336636883107,0.012353873912444795,0.5645226726683905,0.01079880092938157,0.7610165697046549,0.011422838737998629,093064e0d470a782,launch_script
tabfm_embed_readout_mordred_pca128,tabular,5,"0,1,2,3,4",False,513,phase1+phase2 pooled,chemprop,scratch,log2fc,256,,True,True,2,True,mordred,128,tabfm,drc_plus_primary,386,,,,,,log2fc,none,,none,recorded,0.48242011738791424,0.0035219559826848196,0.6529102739560695,0.006199429983678239,0.6340608659623568,0.004629024329154986,0.5696197592953443,0.00820972600979757,0.5815225460159841,0.0051987461489113335,0.7794322426865634,0.004816758526212147,1911bbe88da77c90,launch_script
tabfm_n32_embed_readout_mordred_pca128,tabular,5,"0,1,2,3,4",False,513,phase1+phase2 pooled,chemprop,scratch,log2fc,256,,True,True,2,True,mordred,128,tabfm,drc_plus_primary,386,,,,,,log2fc,none,,none,recorded,0.48242011738791424,0.0035219559826848196,0.6529102739560695,0.006199429983678239,0.6340608659623568,0.004629024329154986,0.5696197592953443,0.00820972600979757,0.5815225460159841,0.0051987461489113335,0.7794322426865634,0.004816758526212147,1911bbe88da77c90,launch_script
tabpfn_pec50_scratch,tabular,5,"0,1,2,3,4",False,513,phase1+phase2 pooled,chemprop,scratch,pec50,2048,128,True,False,,True,all,128,tabpfn,drc_plus_primary,256,,,,,,pec50,none,,none,recorded,0.4826108199610136,0.010066023491814785,0.7081279372171349,0.020225964949141285,0.6343115127208199,0.013230110731235034,0.49345176471320096,0.028867427120073893,0.568292542191937,0.020420141639944055,0.7604438709357088,0.02285838660958626,8fb94b6c7509362d,launch_script
lgbm_embed_readout_mordred_pca128,tabular,5,"0,1,2,3,4",False,513,phase1+phase2 pooled,chemprop,scratch,log2fc,256,,True,True,2,True,mordred,128,lgbm,drc_plus_primary,386,,,,,,log2fc,none,,none,recorded,0.48575436707580605,0.0058971212746260614,0.6624082714112162,0.007909436746296352,0.638443181641658,0.007750783367659183,0.5569884770840539,0.010517903439735056,0.5704718643478642,0.002129079742009148,0.7664150815149549,0.0026805616362232756,ddaac1e90f81c6c6,launch_script
tabpfn_frozen_features,tabular,5,"0,1,2,3,4",False,513,phase1+phase2 pooled,chemprop,scratch,log2fc,256,,True,True,2,False,,,tabpfn,drc_plus_primary,258,,,,,,log2fc,none,,none,recorded,0.48581788787524366,0.007145629120377741,0.6672722100864024,0.012659576208903497,0.6385266691490118,0.009391738910981927,0.5503805278049265,0.01721898946237366,0.5455735587801583,0.005503145344611742,0.7410746130239658,0.005390559601080202,d48fc6b90c079cf8,launch_script
tabfm_n32_readout_mordred_pca128_no_embed,tabular,5,"0,1,2,3,4",False,513,phase1+phase2 pooled,chemprop,scratch,log2fc,256,,False,True,2,True,mordred,128,tabfm,drc_plus_primary,130,,,,,,log2fc,none,,none,recorded,0.49157890471734894,0.0007227301909167144,0.6586903686957694,0.007843435000161643,0.6460985659171389,0.000949908418394805,0.5619477819075366,0.010405119808200065,0.5832278835231302,0.007011031229255908,0.7800434653942696,0.007964185971683097,903128ee8ba36135,launch_script
lgbm_chemeleon_readout_only,tabular,5,"0,1,2,3,4",False,513,phase1+phase2 pooled,chemeleon,chemeleon_pretrained,none,2048,256,True,True,2,False,,,lgbm,drc_plus_primary,258,,,,,,none,none,,none,recorded,0.4976602886789916,0.0018798275926763398,0.6741139145897364,0.013801458780226296,0.6540915318859857,0.0024707201634252968,0.5410914092482242,0.018687456956466723,0.545624543767279,0.005002285101523968,0.7416249530340232,0.005699315117799219,abc322a7848833ca,launch_script
xgboost_embed_readout_mordred_pca128,tabular,5,"0,1,2,3,4",False,513,phase1+phase2 pooled,chemprop,scratch,log2fc,256,,True,True,2,True,mordred,128,xgboost,drc_plus_primary,386,,,,,,log2fc,none,,none,recorded,0.4980263596491229,0.011971061217701452,0.686887929375018,0.017062390883995603,0.654572671183372,0.015733965414383256,0.5234591973555817,0.023738520450373866,0.5538145278693438,0.013936412588246365,0.7480644950747826,0.016098000780401342,66a192c1f6be15df,launch_script
lgbm_chemeleon_readout_descriptors,tabular,5,"0,1,2,3,4",False,513,phase1+phase2 pooled,chemeleon,chemeleon_pretrained,none,2048,256,True,True,2,True,mordred,128,lgbm,drc_plus_primary,386,,,,,,none,none,,none,recorded,0.4986918293410979,0.005814703115880519,0.6736254976912857,0.01232391005887301,0.6554473202163562,0.007642458430075366,0.541787108277091,0.016668226597950548,0.5619546427124096,0.006895054184997862,0.7580032379714285,0.007108018173762547,7ee4b48c2e5f5963,launch_script
tabpfn_chemeleon_embed_only,tabular,5,"0,1,2,3,4",False,513,phase1+phase2 pooled,chemeleon,chemeleon_pretrained,none,2048,256,True,False,,False,,,tabpfn,drc_plus_primary,256,,,,,,none,none,,none,recorded,0.5001986921637427,0.0020033361092336925,0.7253985593574143,0.0025830420338186257,0.6574278403310354,0.0026330515300898153,0.46878322682943085,0.003782991538727075,0.5574904195057748,0.0046516061242782855,0.7547823125253166,0.005432589618175229,3425377204bf66f2,launch_script
lgbm_readout_mordred_pca128_no_embed,tabular,5,"0,1,2,3,4",False,513,phase1+phase2 pooled,chemprop,scratch,log2fc,256,,False,True,2,True,mordred,128,lgbm,drc_plus_primary,130,,,,,,log2fc,none,,none,recorded,0.5055827457516748,0.008890913574166253,0.6841525017602534,0.011677215865352959,0.6645042817092188,0.011685624535220823,0.5273702674266726,0.016110647901820183,0.5529538900171624,0.012779117608919623,0.747793676072529,0.014924983447998415,d6ecd0d6672c3516,launch_script
freeze2_hd512_clipoff,gnn,5,"0,1,2,3,4",False,513,phase1+phase2 pooled,chemprop,chemeleon_pretrained,,512,,True,False,512,False,,,N/A,drc_plus_primary,,512,2,,False,False,pec50,log2fc,2,none,"configs/freeze*.yaml, configs/feat_*.yaml @ main",0.5175563100699561,0.01577689387013977,0.7166129044493531,0.023131874768379895,0.6802415370322604,0.020736098327867197,0.4811460708507953,0.03313623176944762,0.5403839295393082,0.012284308868141103,0.733511553123618,0.011550702128239762,f123002dfa712469,parsed_config
xgboost_chemeleon_readout_only,tabular,5,"0,1,2,3,4",False,513,phase1+phase2 pooled,chemeleon,chemeleon_pretrained,none,2048,256,True,True,2,False,,,xgboost,drc_plus_primary,258,,,,,,none,none,,none,recorded,0.5198313623391814,0.007081250397107345,0.7007022033191457,0.012698393737955452,0.6832317141827186,0.009307123805692765,0.504213093708225,0.017975199731140187,0.518213852650841,0.010935924110100118,0.7129847184420244,0.01276695286452091,4a310084f7206641,launch_script
tabpfn_pec50_chemeleon,tabular,5,"0,1,2,3,4",False,513,phase1+phase2 pooled,chemprop,chemeleon_pretrained,pec50,2048,128,True,False,,True,all,128,tabpfn,drc_plus_primary,256,,,,,,pec50,none,,none,recorded,0.5214721162183237,0.013913814981646896,0.7595297663056058,0.01650307614594318,0.6853882117829284,0.018287391545508645,0.41740387759906544,0.025243292824888023,0.5425155806916905,0.018358616449088448,0.7344787672689507,0.020110395051906416,6884675aac42f1bb,launch_script
feat_predicted_native_2task,gnn,1,-1,True,513,phase1+phase2 pooled,chemprop,chemeleon_pretrained,,512,,True,True,512,False,,,N/A,drc_plus_primary,,512,2,1.0,False,True,pec50,log2fc,2,none,"configs/freeze*.yaml, configs/feat_*.yaml @ main",0.5256645979890582,,0.748897106195764,,0.6908985305409372,,0.433815075489472,,0.529704824018457,,0.7177108316676315,,321063da9af7fac0,parsed_config
tabpfn_chemeleon_descriptors_only,tabular,5,"0,1,2,3,4",False,513,phase1+phase2 pooled,chemeleon,chemeleon_pretrained,none,2048,256,True,False,0,True,mordred,128,tabpfn,drc_plus_primary,384,,,,,,none,none,,none,recorded,0.5290113049902534,0.003054443221935061,0.7481917401770357,0.002806433052205567,0.6952972192830027,0.004014556699706825,0.4348747610584664,0.004234759506206517,0.5265703575699865,0.003175535199259183,0.7214188745071761,0.0034678289381259004,f6e0ab0431af77fb,launch_script
xgboost_chemeleon_readout_descriptors,tabular,5,"0,1,2,3,4",False,513,phase1+phase2 pooled,chemeleon,chemeleon_pretrained,none,2048,256,True,True,2,True,mordred,128,xgboost,drc_plus_primary,386,,,,,,none,none,,none,recorded,0.5311073888888889,0.0063571015161480015,0.7162092533572262,0.004369710126223172,0.6980521723291044,0.008355350755611703,0.48214665610980345,0.006319389298631137,0.525618242399758,0.008234497276335555,0.7198098098609669,0.008587432805278053,33b41dfaedc9072d,launch_script
tabpfn_rdkit_only_pca128_no_embed_no_readout,tabular,5,"0,1,2,3,4",False,513,phase1+phase2 pooled,chemprop,scratch,log2fc,256,,False,False,0,True,rdkit,128,tabpfn,drc_plus_primary,128,,,,,,log2fc,none,,none,recorded,0.5311834844834308,0.0021030514767794435,0.7611726046351112,0.0010609351614225047,0.6981521873094755,0.0027641107666700722,0.41510087728709005,0.0016303924295962607,0.5294975598134177,0.0016703501481766952,0.7273475854611947,0.001916562663293188,bc1768b787d0edd3,launch_script
e4_finetune_drc_only,gnn,5,"0,1,2,3,4",False,513,phase1+phase2 pooled,chemprop,log2fc_checkpoint_pretrained,log2fc,512,,True,False,512,False,,,N/A,drc_only,,512,2,1.0,False,False,pec50,none,,none,configs/e4_*.yaml @ main,0.5338879782730608,0.033996673028798524,0.749509406593588,0.05512560820175376,0.7017067937871811,0.04468296234658458,0.43043466357582555,0.08716225577172997,0.5310124173120133,0.02106758429174102,0.7202206079613831,0.02360911065547767,c3ed9b4fdb39dce3,parsed_config+yaml_comment
tabpfn_chemeleon_static,tabular,5,"0,1,2,3,4",False,513,phase1+phase2 pooled,chemeleon,chemeleon_pretrained,none,2048,256,True,False,,True,all,256,tabpfn,drc_plus_primary,512,,,,,,none,none,,none,recorded,0.5379935122027291,0.003036553166657231,0.7592857654607363,0.0030804606718548544,0.7071028340949076,0.003991043202792533,0.4179902884403141,0.004722416386598409,0.522331704724488,0.003786820227320235,0.7186998928894612,0.0036103834779667218,0f7f9997123f9c26,launch_script
xgboost_readout_mordred_pca128_no_embed,tabular,5,"0,1,2,3,4",False,513,phase1+phase2 pooled,chemprop,scratch,log2fc,256,,False,True,2,True,mordred,128,xgboost,drc_plus_primary,130,,,,,,log2fc,none,,none,recorded,0.5395237990253412,0.009569396662724177,0.721280111978887,0.011294561548587016,0.7091141411547579,0.012577377509788282,0.47470036820795125,0.01637749430970789,0.515757162220523,0.01526513810773926,0.708886362613016,0.018543059822413218,45ed0b661269b1c5,launch_script
tabpfn_readout_only_no_embed,tabular,5,"0,1,2,3,4",False,513,phase1+phase2 pooled,chemprop,scratch,log2fc,256,,False,True,2,False,,,tabpfn,drc_plus_primary,2,,,,,,log2fc,none,,none,recorded,0.5410042555555556,0.005843418206724538,0.7134952972863455,0.009442267812985213,0.7110599545977172,0.007680199632629949,0.4860071590233659,0.013684086521681791,0.5053207998961946,0.01022389221134652,0.7004085667475282,0.00989472873658308,f4a9583669167318,launch_script
e4_frozen,gnn,5,"0,1,2,3,4",False,513,phase1+phase2 pooled,chemprop,log2fc_checkpoint_pretrained,log2fc,512,,True,False,512,False,,,N/A,drc_plus_primary,,512,50,1.0,False,False,pec50,none,,none,configs/e4_*.yaml @ main,0.5463935581415486,0.012949629268164214,0.7485974478989624,0.024652429394404186,0.7181432949092909,0.01702013007277081,0.4337772618259332,0.037033619569089515,0.5161991226577389,0.031272203461301426,0.7070302539857545,0.0349710991088367,5be626d3f86f827c,parsed_config+yaml_comment
e4_finetune,gnn,5,"0,1,2,3,4",False,513,phase1+phase2 pooled,chemprop,log2fc_checkpoint_pretrained,log2fc,512,,True,False,512,False,,,N/A,drc_plus_primary,,512,2,1.0,False,False,pec50,none,,none,configs/e4_*.yaml @ main,0.5573152933845742,0.01140122259674402,0.7668021429222279,0.01285161317626213,0.7324980961632279,0.01498500749069763,0.406284734756562,0.01991288363022803,0.5025440691492721,0.01344510286153982,0.6917700205455093,0.015147526571273688,5be626d3f86f827c,parsed_config+yaml_comment
tabpfn_mordred_only_pca128_no_embed_no_readout,tabular,5,"0,1,2,3,4",False,513,phase1+phase2 pooled,chemprop,scratch,log2fc,256,,False,False,0,True,mordred,128,tabpfn,drc_plus_primary,128,,,,,,log2fc,none,,none,recorded,0.5784427900974659,0.0021642998165205896,0.7887960291298397,0.0009056331608633155,0.7602666704381292,0.0028446115043783476,0.37187817204775053,0.0014427938045125403,0.4830002738152789,0.0016091969373293999,0.671922424930431,0.0016759562271373683,b1fdd19622709d31,launch_script
e4_frozen_drc_only,gnn,5,"0,1,2,3,4",False,513,phase1+phase2 pooled,chemprop,log2fc_checkpoint_pretrained,log2fc,512,,True,False,512,False,,,N/A,drc_only,,512,50,1.0,False,False,pec50,none,,none,configs/e4_*.yaml @ main,0.5849414144370988,0.047972220763876534,0.7878556693968998,0.04873705024532721,0.7688080293654111,0.06305149131088648,0.37145723930520996,0.07654097935021212,0.5248432592090809,0.018619251023753676,0.7173406303534943,0.019891211195541027,c3ed9b4fdb39dce3,parsed_config+yaml_comment
feat_observed_and_predicted_2task,gnn,1,-1,True,513,phase1+phase2 pooled,chemprop,chemeleon_pretrained,,512,,True,True,512,False,,,N/A,drc_plus_primary,,512,2,1.0,True,True,pec50,log2fc,2,none,"configs/freeze*.yaml, configs/feat_*.yaml @ main",0.6576736127284535,,0.8121112741266086,,0.864402385756813,,0.3341980299947881,,0.5244317788020177,,0.7163495869737964,,321063da9af7fac0,parsed_config
feat_observed_2task,gnn,1,-1,True,513,phase1+phase2 pooled,chemprop,chemeleon_pretrained,,512,,True,True,512,False,,,N/A,drc_plus_primary,,512,2,1.0,True,False,pec50,log2fc,2,none,"configs/freeze*.yaml, configs/feat_*.yaml @ main",0.6998549227314851,,0.8474621289439831,,0.9198426897241592,,0.2749723054312918,,0.5047873993685202,,0.695667458453205,,321063da9af7fac0,parsed_config
feat_observed_4task,gnn,1,-1,True,513,phase1+phase2 pooled,chemprop,chemeleon_pretrained,,512,,True,True,512,False,,,N/A,drc_plus_primary,,512,2,1.0,True,False,pec50,log2fc,4,none,"configs/freeze*.yaml, configs/feat_*.yaml @ main",0.7651796877825702,,0.935321807800938,,1.0057012093094293,,0.1168466566371903,,0.464904279913545,,0.6517614172685693,,321063da9af7fac0,parsed_config
freeze0_hd1024_clip1.0,gnn,0,,False,,phase1+phase2 pooled,chemprop,chemeleon_pretrained,,1024,,True,False,1024,False,,,N/A,drc_plus_primary,,1024,0,1.0,False,False,pec50,log2fc,2,none,"configs/freeze*.yaml, configs/feat_*.yaml @ main",,,,,,,,,,,,,86de7f512c0736c3,parsed_config
freeze0_hd1024_clip5.0,gnn,0,,False,,phase1+phase2 pooled,chemprop,chemeleon_pretrained,,1024,,True,False,1024,False,,,N/A,drc_plus_primary,,1024,0,5.0,False,False,pec50,log2fc,2,none,"configs/freeze*.yaml, configs/feat_*.yaml @ main",,,,,,,,,,,,,86de7f512c0736c3,parsed_config
freeze0_hd1024_clipoff,gnn,0,,False,,phase1+phase2 pooled,chemprop,chemeleon_pretrained,,1024,,True,False,1024,False,,,N/A,drc_plus_primary,,1024,0,,False,False,pec50,log2fc,2,none,"configs/freeze*.yaml, configs/feat_*.yaml @ main",,,,,,,,,,,,,86de7f512c0736c3,parsed_config
freeze0_hd512_clip1.0,gnn,0,,False,,phase1+phase2 pooled,chemprop,chemeleon_pretrained,,512,,True,False,512,False,,,N/A,drc_plus_primary,,512,0,1.0,False,False,pec50,log2fc,2,none,"configs/freeze*.yaml, configs/feat_*.yaml @ main",,,,,,,,,,,,,f123002dfa712469,parsed_config
freeze0_hd512_clip5.0,gnn,0,,False,,phase1+phase2 pooled,chemprop,chemeleon_pretrained,,512,,True,False,512,False,,,N/A,drc_plus_primary,,512,0,5.0,False,False,pec50,log2fc,2,none,"configs/freeze*.yaml, configs/feat_*.yaml @ main",,,,,,,,,,,,,f123002dfa712469,parsed_config
freeze0_hd512_clipoff,gnn,0,,False,,phase1+phase2 pooled,chemprop,chemeleon_pretrained,,512,,True,False,512,False,,,N/A,drc_plus_primary,,512,0,,False,False,pec50,log2fc,2,none,"configs/freeze*.yaml, configs/feat_*.yaml @ main",,,,,,,,,,,,,f123002dfa712469,parsed_config
freeze1_hd1024_clip1.0,gnn,0,,False,,phase1+phase2 pooled,chemprop,chemeleon_pretrained,,1024,,True,False,1024,False,,,N/A,drc_plus_primary,,1024,1,1.0,False,False,pec50,log2fc,2,none,"configs/freeze*.yaml, configs/feat_*.yaml @ main",,,,,,,,,,,,,86de7f512c0736c3,parsed_config
freeze1_hd1024_clip5.0,gnn,0,,False,,phase1+phase2 pooled,chemprop,chemeleon_pretrained,,1024,,True,False,1024,False,,,N/A,drc_plus_primary,,1024,1,5.0,False,False,pec50,log2fc,2,none,"configs/freeze*.yaml, configs/feat_*.yaml @ main",,,,,,,,,,,,,86de7f512c0736c3,parsed_config
freeze1_hd1024_clipoff,gnn,0,,False,,phase1+phase2 pooled,chemprop,chemeleon_pretrained,,1024,,True,False,1024,False,,,N/A,drc_plus_primary,,1024,1,,False,False,pec50,log2fc,2,none,"configs/freeze*.yaml, configs/feat_*.yaml @ main",,,,,,,,,,,,,86de7f512c0736c3,parsed_config
freeze1_hd512_clip1.0,gnn,0,,False,,phase1+phase2 pooled,chemprop,chemeleon_pretrained,,512,,True,False,512,False,,,N/A,drc_plus_primary,,512,1,1.0,False,False,pec50,log2fc,2,none,"configs/freeze*.yaml, configs/feat_*.yaml @ main",,,,,,,,,,,,,f123002dfa712469,parsed_config
freeze1_hd512_clip5.0,gnn,0,,False,,phase1+phase2 pooled,chemprop,chemeleon_pretrained,,512,,True,False,512,False,,,N/A,drc_plus_primary,,512,1,5.0,False,False,pec50,log2fc,2,none,"configs/freeze*.yaml, configs/feat_*.yaml @ main",,,,,,,,,,,,,f123002dfa712469,parsed_config
freeze1_hd512_clipoff,gnn,0,,False,,phase1+phase2 pooled,chemprop,chemeleon_pretrained,,512,,True,False,512,False,,,N/A,drc_plus_primary,,512,1,,False,False,pec50,log2fc,2,none,"configs/freeze*.yaml, configs/feat_*.yaml @ main",,,,,,,,,,,,,f123002dfa712469,parsed_config
freeze2_hd1024_clip1.0,gnn,0,,False,,phase1+phase2 pooled,chemprop,chemeleon_pretrained,,1024,,True,False,1024,False,,,N/A,drc_plus_primary,,1024,2,1.0,False,False,pec50,log2fc,2,none,"configs/freeze*.yaml, configs/feat_*.yaml @ main",,,,,,,,,,,,,86de7f512c0736c3,parsed_config
freeze2_hd1024_clip5.0,gnn,0,,False,,phase1+phase2 pooled,chemprop,chemeleon_pretrained,,1024,,True,False,1024,False,,,N/A,drc_plus_primary,,1024,2,5.0,False,False,pec50,log2fc,2,none,"configs/freeze*.yaml, configs/feat_*.yaml @ main",,,,,,,,,,,,,86de7f512c0736c3,parsed_config
freeze2_hd1024_clipoff,gnn,0,,False,,phase1+phase2 pooled,chemprop,chemeleon_pretrained,,1024,,True,False,1024,False,,,N/A,drc_plus_primary,,1024,2,,False,False,pec50,log2fc,2,none,"configs/freeze*.yaml, configs/feat_*.yaml @ main",,,,,,,,,,,,,86de7f512c0736c3,parsed_config
freeze2_hd512_clip1.0,gnn,0,,False,,phase1+phase2 pooled,chemprop,chemeleon_pretrained,,512,,True,False,512,False,,,N/A,drc_plus_primary,,512,2,1.0,False,False,pec50,log2fc,2,none,"configs/freeze*.yaml, configs/feat_*.yaml @ main",,,,,,,,,,,,,f123002dfa712469,parsed_config
freeze2_hd512_clip5.0,gnn,0,,False,,phase1+phase2 pooled,chemprop,chemeleon_pretrained,,512,,True,False,512,False,,,N/A,drc_plus_primary,,512,2,5.0,False,False,pec50,log2fc,2,none,"configs/freeze*.yaml, configs/feat_*.yaml @ main",,,,,,,,,,,,,f123002dfa712469,parsed_config
pxr_baseline_chemeleon_pec50,gnn,0,,False,,phase1+phase2 pooled,chemprop,chemeleon_pretrained,pec50,,,True,False,,False,,,N/A,drc_only,,1024,0,0.5,,,pec50,none,,none,configs/e4_*.yaml @ main,,,,,,,,,,,,,cba892fb47dc66c9,anvil_recipe
tabpfn_pec50_chemeleon_full,tabular,0,,True,,phase1+phase2 pooled,chemprop,chemeleon_pretrained,pec50,2048,256,True,False,,True,all,256,tabpfn,drc_plus_primary,512,,,,,,pec50,none,,none,recorded,,,,,,,,,,,,,16e6e2076ced6629,convention
tabpfn_uncertainty_mordred_pca128,tabular,0,,True,,phase1+phase2 pooled,chemprop,scratch,log2fc,256,,True,True,2,True,mordred,128,tabpfn,drc_plus_primary,386,,,,,,log2fc,none,,none,recorded,,,,,,,,,,,,,8fa7abaf5b2eb8dd,launch_script
